"qBF1Pd","UsdlK","lcr4fd href","M4A5Cf"
"","","",""
"","","",""
"LS-Elektro & FM GmbH","089 66508380","https://www.google.com/aclk?sa=L&ai=DChsSEwiqw5-mzpKUAxU_loMHHc5RBtcYACICCAEQARoCZWY&co=1&ase=2&gclid=Cj0KCQjw2MbPBhCSARIsAP3jP9z62UxGu9U_c3VwC3XYPFShNYAKSF2tpoAHiEKtljf7zmrHMwQde9AaAtMOEALw_wcB&cce=2&category=acrcp_v1_32&sig=AOD64_0eF8jT4LM55ax1w9I5if-g-txoww&adurl&q&ctype=99&nis=6",""
"&salt | Haussanierung & Energetische Sanierung","0178 5524219","https://www.google.com/aclk?sa=L&ai=DChsSEwiqw5-mzpKUAxU_loMHHc5RBtcYACICCAEQBBoCZWY&co=1&ase=2&gclid=Cj0KCQjw2MbPBhCSARIsAP3jP9xHIshRC1vVnbY65BAVtMnThPwfhxrrX7XaQMa_JQHa8Dj9AAzaxxUaAmJCEALw_wcB&cce=2&category=acrcp_v1_32&sig=AOD64_0u6nMTGLyQ99Dv1RtWqtfTkPo6_Q&adurl&q&ctype=99&nis=6",""
"BauVision München","0160 4209952","http://www.bauvisionmuenchen.de/",""
"Mauer Werke Bad Sanierung - Altbau Sanierung","089 28975256","https://mauer-werke.de/",""
"Home DIZAYN","0174 9799440","","·"
"DM Innenausbau - Renovierungs und Ausbauarbeiten","0176 80804499","https://www.dm-innenausbau.com/",""
"Renovierung Schneider","01575 8740799","https://www.renovierung-schneider.de/","·"
"Deine-Komplettsanierung.de - Burek GmbH","089 69393919","https://deine-komplettsanierung.de/","·"
"Sanierung & Innenausbau München","089 43738392","http://www.sanierung-in-muenchen.de/","·"
"A. DLSe Bäder & Schöner Wohnen GmbH Badsanierung & Badrenovierung München","089 50222248","http://qualitaet-sanierungen.de/B%C3%A4dertr%C3%A4ume/badsanierungen-aus-einer-hand-muenchen.html",""
"24/7 Handwerker München Dein Allround Service - Netzwerk","0176 67115937","https://www.sparportal-muenchen.com/handwerkerservice-m%C3%BCnchen-g%C3%BCnstig/",""
"Altbausanierungen-Innenausbau München","089 57849063","https://www.wohnungsausbau-muenchen.de/","·"
"G.Bojanovic Badsanierung & Badrenovierung - München","0179 5220553","http://www.muenchen-baeder.de/","·"
"Top Renovierung München - Schmidt Bauheimservice","0171 3427043","http://www.top-renovierung-muenchen.de/",""
"DK installation service Munich","01522 8628286","http://www.dkmontage.de/",""
"Haustechnik Reza - München","0176 64096716","https://haustechnik-reza.onepage.me/muenchen",""
"Handyman 4U München / Handwerkerservice Augsburg","0176 72350143","http://www.handyman-4u.de/",""
"Hans Schramm GmbH","089 588040110","https://www.schramm.de/?utm_source=google&utm_medium=organic&utm_campaign=business-profile-f38",""
"Hans Schramm GmbH","089 588040110","https://www.schramm.de/?utm_source=google&utm_medium=organic&utm_campaign=business-profile-f38",""
"Renovierungen | Jonas Renovierungen | München | Milbertshofen","0160 8464571","https://jonas-renovierung.de/",""
"AUFBAUSERVICE Küchenmontage München Küchenmonteur ikea und Co.","0176 67115937","https://www.sparportal-muenchen.com/ikea-aufbau-montage-service/","·"
"APlus Innenausbau GmbH München | Trockenbau","089 35627970","https://www.aplus-innenausbau.de/","·"
"Immobilien Sanierung München / BLEND","089 37001160","https://immobilien-muenchen.bayern/","·"
"&salt | Haussanierung & Energetische Sanierung","0178 5524219","https://www.google.com/aclk?sa=L&ai=DChsSEwiprY3IzpKUAxVPooMHHRqSJkMYACICCAEQBhoCZWY&co=1&ase=2&gclid=Cj0KCQjw2MbPBhCSARIsAP3jP9zRqlp0su_9V_SdPW0z_ubwomybCdZvtb68kMu9ZuVFnu7UFYj2nI8aAnqAEALw_wcB&cce=2&category=acrcp_v1_32&sig=AOD64_2dsJyh8B9St6tM33Z1NYc3qn307Q&adurl&q&ctype=99&nis=6",""
"LS-Elektro & FM GmbH","089 66508380","https://www.google.com/aclk?sa=L&ai=DChsSEwiprY3IzpKUAxVPooMHHRqSJkMYACICCAEQCBoCZWY&co=1&ase=2&gclid=Cj0KCQjw2MbPBhCSARIsAP3jP9w2pw3VPSBwMqpxaRw3aHdcahJiTvU2rZhtUjzdHsw0pjueZLEe_roaAhe2EALw_wcB&cce=2&category=acrcp_v1_32&sig=AOD64_0kas6SOQcwrXu4cKnV8TIWihMlhQ&adurl&q&ctype=99&nis=6",""
"KM-Küchenmodernisierung München e.K","089 41156288","https://www.kueche-muc.de/",""
"AR Renovierung und Sanierung in München","0176 24774359","https://www.ar-renovierung-muenchen.de/",""
"Zeitbau GmbH - Bauunternehmen München","089 56820272","http://zeitbau.de/",""
"ZOTZ Bäderwerkstatt GmbH Badsanierung Badumbau","089 4366260","https://www.zotz-werkstaetten.de/",""
"München Renovieren Montage Bauen Sanieren Installation DEIN Handwerker - NETZWERK","0176 67115937","http://www.sparportal-muenchen.com/","·"
"AS Innenausbau München","0162 9199789","https://www.as-innenausbau-muenchen.de/","·"
"Renovierung München Nepelski, Sanierung, Trockenbau","0176 51182873","http://renovierungsanierung.de/",""
"Manovic Bau GmbH - Trockenbau München","0177 1533346","http://www.manovic-bau.de/",""
"E & E Handwerker München","0179 1048994","http://www.handwerkermunchen.de/","·"
"KüMö Montageservice München Ikea Küchenmontage","0163 6273976","https://branchenbuch.portal.muenchen.de/mhp/1382089/","·"
"USTR GmbH - Intelligente Baustellen","089 89899439","http://ustr.eu/","·"
"badraum - Badsanierung München","","https://badraum.net/",""
"Top Innenausbau München","0176 43229674","https://topinnenausbaumuenchen.de/","·"
"Reform Showroom München","089 541980350","http://www.reformcph.de/","·"
"ELEMENTS München-Europark","089 21767323","https://www.elements-show.de/muenchen-europark",""
"Hans Schramm GmbH","089 588040120","https://www.schramm.de/?utm_source=google&utm_medium=organic&utm_campaign=business-profile-h20","·"
"FRANTICONSTRUCT GmbH","0176 43983580","http://www.fconstruct.de/",""
"BauLea GmbH | Generalübernehmer Badsanierung & Wohnungsrenovierung München","089 55897805","https://baulea.de/",""
"Handwerker Crispin München","0176 34388949","https://handwerkercrispin.de/",""
"Fliesen Kumani","01520 7958160","http://www.fliesen-kumani.de/",""
"AUFBAUSERVICE Küchenmontage München Küchenmonteur ikea und Co.","0176 67115937","https://www.sparportal-muenchen.com/ikea-aufbau-montage-service/","·"
"Jaeger Ausbau GmbH + Co KG München","089 3247530","https://www.jaeger-ausbau.de/jaeger-ausbau-gmbh-co-kg-muenchen/standort-a-625.html",""
"blue kitchen GmbH - München","089 8977710","https://www.blue-kitchen.de/home.aspx?utm_source=localq&utm_medium=organic&utm_campaign=localq","·"
"Trockenbau München - Altbausanierung","089 43665768","https://www.trockenbau-in-muenchen.de/","·"
"AS Renovierung München","0162 9199789","https://as-renovierung-muenchen.de/",""
"Küche Montieren München","01520 6562144","",""
"Bavaria Bäder-Technik GbR | Badsanierung u. Badrenovierung | München","089 12393950","https://www.bavaria-baeder-technik.de/index_html",""
"P.Z BAU -Renovierung München","0177 8739718","https://profimap.de/bayern/bauunternehmen/p-z-bau-renovierung-munchen/",""
"REMADE INTERIOR UG & Co. KG","089 23797781","http://www.remade-interior.com/",""
"MK BAU MÜNCHEN - Marcin Klosak","01520 9738235","https://mk-bau-munchen.de/",""
"HDS Munich - roofing and plumbing","089 265728","http://www.hds-muenchen.de/","·"
"Gotowicki Bau GmbH | Badsanierung Balkonsanierung München","089 30777457","https://www.gotowicki.de/",""
"RH München | The Gallery on Sendlinger Strasse","089 25552465","https://rh.com/de/en/",""
"Homestaging München - Unique Interiors GmbH I StageItUP","0177 2902614","https://www.stageitup.de/",""
"Baukonzept M GmbH München","0179 8512915","https://www.baukonzept-muenchen.de/",""
"Heimkino Studio Munich Home Solutions","089 420953116","https://www.munichhomesolutions.de/","·"
"VILSON Trocknung - Wasserschaden | Bautrocknung München","089 215288888","https://www.vilson-trocknung.de/standorte-kontakt/muenchen/",""
"Badsanierung | Baduniversal - Brüning Haustechnik | München","089 87130400","https://www.bundes-telefonbuch.de/muenchen/badezimmer/badsanierung-baduniversal-bruening-haustechnik-muenchen-bvg119507476",""
"Renovierungen Home Service München","089 32637081","http://www.homeservice-muenchen.de/","·"
"Claus Klein GmbH","089 788371","https://www.claus-klein.de/",""
"Hans Schramm GmbH","089 588040130","https://www.schramm.de/?utm_source=google&utm_medium=organic&utm_campaign=business-profile-n23","·"
"ELEMENTS München-Süd","089 21768183","https://www.elements-show.de/muenchen-sued",""
"iam interior.architects.munich","089 23547906","http://www.interior-architects-munich.com/",""
"Cosentino City Munich","089 26200399","https://www.cosentino.com/de/professioneller/cosentino-city/munchen/?utm_source=G&utm_medium=Local&utm_campaign=Google-Local",""
"KamerolliBauGmbH","0176 32440310","http://www.kamerolli.de/",""
"Parquet Gallery Munich","089 55275526","http://www.parkettgaleriemuenchen.de/","·"
"Fliesenleger Fachbetrieb München und Umgebung DerFliesling","0176 45711396","https://www.derfliesling.de/",""
"Heizung Karamalis","089 693131872","https://www.sanitaer-karamalis.de/",""
"Gienger Küchen München","089 58987200","http://www.gienger-kuechen.de/","·"
"Pfeufer GmbH in München","089 4486841","https://pfeufer-sanitaer.de/","·"
"Barbatovci Trockenbau München","0176 21718515","",""
"HERZBAU Sanierung & Modernisierung in Dachau und München","08131 3568324","http://herzbau-dachau.de/",""
"MUNICH-SERVICES Robert Öttinger","0171 2600456","https://munich-services.com/",""
"Landshammer GmbH","089 881440","https://www.landshammer-muenchen.de/",""
"Schneider Renovierung","01525 4007005","http://www.schneider-renovierung.de/",""
"Vehlow Bad & Heizung | München","089 883073","https://der-baedermacher.de/","·"
"Durmus Haustechnik GmbH | Sanitär & Heizung München","089 244152929","https://durmus-haustechnik.de/","·"
"SIG Trockenbau München GmbH","0176 84587710","http://www.sig-trockenbau.de/",""
"Devin Kitchen & Home Appliances","089 45231700","http://www.devin.de/","·"
"VALI BAU - Bausanierung München","01573 5691051","http://www.valibau.de/",""
"Max-Betontrennung GbR-München","0176 73867241","https://max-betontrennung.de/?utm_source=googlebusinessprofilemunchen&utm_medium=organic&utm_campaign=test","·"
"Maler in München | Malermeisterbetrieb Kiper GmbH - Qualitative Handwerksarbeiten","089 32121701","http://www.malermeister-kiper.de/",""
"Richter+Frenzel BäderStore München","089 37429580","http://www.richter-frenzel.de/privatkunden/badausstellung/2-80939-muenchen",""
"SHG Wolf | München | Sanitär | Heizung | Gebäudetechnik","089 92329537","https://www.shgwolf.de/index.php",""
"COX HLS München","089 3089920","https://www.cox-hls.de/","·"
"KÜCHENverliebt - Küchenstudio München","089 18901140","https://kuechenverliebt.de/","·"
"Toom DIY Store","089 4194890","https://toom.de/m/muenchen-haidhausen/","·"
"WasserschadenProfi München","089 14903227","http://wasserschadenprofi.de/",""
"GEBRÜDER PETERS München GmbH","089 8568990","http://www.gebrueder-peters.de/",""
"AF-Bauwerk - Gartenbau München | Garten- & Landschaftsbauer","0172 4685024","https://www.af-bauwerk.de/","·"
"Das Stilhaus GmbH & Co. KG","089 60060274","http://www.das-stilhaus.de/",""
"Yilka Fliesen GmbH München","089 45108650","http://www.yilka.de/",""
"Baywobau Baubetreuung GmbH - Munich","089 286500","https://www.baywobau.de/",""
"A&B Innenausbau GmbH | Bauunternehmen & Sanierung München","01515 5341396","https://aundbinnenausbau.de/","·"
"1KOMMA5° Showroom München","089 47502184","https://1komma5.com/de/standorte/muenchen/?utm_source=organic&utm_medium=google-profile&utm_campaign=muenchen&utm_content=location-page",""
"Fliesen Staedtler GmbH | Fliesenleger und Badsanierung München","0172 7901653","http://fliesen-staedtler.com/",""
"Reithofer Technology Specialists GmbH Electrical and kitchens","089 2025130","https://www.kuechenplus-muenchen.de/home.aspx?utm_source=google_local&utm_medium=organic&utm_campaign=gmb_mu_MariaProbststr","·"
"Gebrüder Öztürk GbR Meisterbetrieb","01520 1961442","https://gebruderozturk.de/",""
"Sanitär & Heizungen | Christian Harb Meisterbetrieb GmbH | München","089 53026027","https://www.harb-installation.de/",""
"Hardi Abbruch und Demontage GmbH München","089 54888782","https://hardi-abbruch.de/",""
"Fritz Hammerl GmbH Schreinerei & Treppenbau | München","089 685404","https://www.treppenbau-hammerl.de/",""
"Glass GmbH Bauunternehmung - Munich branch","089 1780420","https://www.glass-bau.de/",""
"CONTRACTOR Consulting GmbH","089 416171610","https://www.contractor.de/","·"
"R&S Heizung - Sanitär - Klima | SHK Meisterbetrieb München","089 23528903","http://www.rs-heizung-sanitaer.de/","·"
"OBI Badplaner München-Daglfing","089 20060940","https://www.obi.de/markt/muenchen-daglfing/badplaner?wt__mc=gp.de552_M%C3%BCnchen-Daglfing%E2%80%A6","·"
"OBI Badplaner München-Trudering","089 15883370","https://www.obi.de/markt/muenchen-trudering/badplaner?wt__mc=gp.de225_M%C3%BCnchen-Trudering%E2%80%A6","·"
"Remo Stilhof GmbH","089 403424","https://www.remo-stilhof.de/","·"
"Spanner GmbH | München","089 880862","http://www.sanitaer-spanner.de/",""
"Elektrotechnik Zierer Gebäude und Systemtechnik München","089 57949390","https://zierer.biz/","·"
"Pittroff Elektrotechnik München GmbH","089 9901880","https://www.pittroff.de/",""
"aabrax Gmbh - Haustechnik und Gebäudemanagement in München","089 7109090","http://www.aabrax.de/",""
"EMC Haustechnik | SHK & Gebäudearbeiten München","0173 7174617","https://haustechnikemc.de/","·"
"Fliesenleger München : Qorri","01578 4021667","http://www.fliesen-qorri.de/",""
"Stang GmbH & Co. KG - Fliesenhaus München","089 3588180","http://www.fliesenhaus-muenchen.de/","·"
"munichkom","089 95455726","https://www.munichkom.de/",""
"toom Baumarkt Munich-Moosach","089 1438430","https://toom.de/m/muenchen-moosach/","·"
"Fernego Haustechnik München","01573 3953735","https://fernego.de/",""
"Elektriker und Innenausbaubetrieb München BG Power GbR","01577 4310459","https://xn--elektrikermnchen-tzb.bayern/","·"
"Spengler und Dachdecker Köchel GmbH München","089 6371607","https://www.koechelgmbh.de/",""
"Karl Greiner GmbH in München","089 422655","https://karl-greiner-gmbh.de/",""
"Elektro Kreutzpointner GmbH Niederlassung München","089 9441760","https://www.kreutzpointner.de/gesellschaften/elektro-kreutzpointner-gmbh-niederlassung-muenchen/",""
"","","",""