"qBF1Pd","UsdlK","lcr4fd href"
"","",""
"","",""
"SF Design Build","+1 415-349-0579","http://sfdesign.build/"
"AT6 Architecture + Design Build","+1 415-503-0555","https://www.at6db.com/?utm_source=google_maps&utm_medium=organic"
"Peters Design-Build","+1 628-400-1601","http://petersdesignbuild.com/"
"415 Design + Build Corp","+1 415-347-5627","http://415designbuild.com/"
"415 Remodeling, Inc. Design Build Remodelers","+1 415-742-8322","http://415remodeling.com/"
"HOUSEWORKS","+1 415-394-9300","https://www.houseworksinc.com/"
"Nova Designs Builds","+1 415-626-8868","https://novadesignsbuilds.com/"
"OUTERLANDS DESIGN","+1 415-987-4302","http://www.outerlandsdesign.com/"
"Design Line Construction","+1 415-647-1373","http://www.designlinebuilds.com/"
"TRIOND Remodeling and Design Inc.","+1 415-886-0509","http://www.triondinc.com/?utm_source=google&utm_medium=wix_google_business_profile&utm_campaign=8423810837936918182"
"Cody Design+Build","+1 415-888-9519","https://www.codydesignbuild.com/"
"Aaa Construction & Design, Inc","","http://aaaconstructsf.com/"
"RareField Design/ Build","+1 415-824-1882 ext. 102","https://www.rarefieldsf.com/"
"FineRoot Design + Build","+1 415-653-3096","http://www.finerootsf.com/"
"Design And Construction By M&M","+1 650-269-1376","http://designbymm.pro/"
"Podesta Construction","+1 415-642-1600","http://podestaconstruction.com/"
"Refresh and Build","+1 415-678-8758","https://www.refreshandbuild.com/"
"Edri Construction","+1 415-949-6300","https://www.edriconstruction.com/"
"We Do Construction","+1 415-416-5494","https://www.wedoconstructions.com/"
"Design Solutions","+1 415-648-6561","http://www.sfdesignsolutions.com/"
"Jean Design Build","+1 650-303-3793","https://jeandesignbuild.com/"
"Harmony Design & Development","+1 415-830-2869","http://harmonysf.com/"
"Build Group","+1 800-949-9083","http://www.buildgc.com/"
"Sunset Home Builders San Francisco","+1 415-800-2346","https://sunsethomebuildersinc.com/homeremodelingsanfrancisco/"
"Aura Building Company","+1 570-504-5501","http://aurabuildingcompany.com/"
"San Francisco ADU Solutions","+1 415-749-9958","https://www.sanfranciscoaduconstruction.com/"
"VANGUARD development SF","+1 757-278-0092","http://vanguard-development.com/"
"NOA Design and Construction","+1 415-604-4587","https://www.noadesignbuild.com/"
"Aaron Gordon Construction, Inc.","+1 415-742-4900","https://www.agcsf.com/"
"BG Design Build","+1 650-678-0234","https://www.bgdesignbuild.com/"
"BUILD SF Inc. - Builders and Remodelers","+1 415-602-4062","http://www.buildsf.com/"
"Re+Habit Design","+1 415-602-3373","https://www.rehabitdesign.com/"
"SBC CONSTRUCTION","+1 415-716-5861","https://www.remodelingcontractorsf.com/"
"Masterful Construction","+1 415-757-6975","https://masterfulconstructioninc.com/"
"Perez Construction","+1 415-887-2204","http://www.perezconstruction.com/"
"Blecher Building + Urban Design | BBUD","+1 415-364-8478","http://www.bbudesign.com/"
"MZK Architecture + Design - Licensed, Local, Designing for Diverse Needs","+1 628-212-2818","https://www.mzkad.com/"
"JLQ CONSTRUCTION INC","+1 415-618-9129","https://www.jlqconstruction.com/"
"Madera Design & Construction","+1 415-285-2003",""
"GROW design+build","+1 831-332-4652","http://www.growdesignbuild.com/contact/"
"IY Development & Renovation Inc","+1 833-288-8008","https://www.iydevelopment.com/"
"Mares & Dow Construction & Skylights Inc.","+1 415-447-6136","https://maresdow.com/top-general-contractor-san-francisco"
"Build SF","+1 415-551-7624","https://bldsf.com/contact/"
"Bay Build Design","+1 415-610-0438","https://www.baybuilddesign.com/contact"
"Design Draw Build – Architects & Builders","+1 510-833-2643","https://www.designdrawbuild.com/"
"Design Everest: Engineering and Architecture Services","+1 650-489-0827","https://designeverest.com/"
"Urban Builders & Remodeling","+1 628-300-1331","https://urbanbuildandremodel.com/san-francisco-ca/"
"AYA Homes LLC","+1 415-347-1907","http://www.ayahomes.com/"
"Barnum Building and Design","+1 415-971-1161","http://baybuilddesign.com/"
"Kyle Minor Design | Bay Area Fabricators","+1 415-399-9333","http://kyleminordesign.com/"
"360 Builders Studio","+1 415-314-3294","https://www.360builders.studio/"
"Mission Home Remodeling","+1 415-813-0440","https://missionhomeremodeling.com/?utm_campaign=gmb"
"Jeff Schlarb Design Studio","+1 415-295-4567","https://www.jeffschlarb.com/"
"Kendall Wilkinson Design","+1 415-409-2299","http://www.kendallwilkinson.com/"
"OVID [Design+Development]","+1 415-534-5375","http://www.oviddesigndevelop.com/"
"Hometech Construction & Design","+1 800-861-7432","https://hometechdesignstudio.com/"
"ABD STUDIO","+1 415-489-0410","http://www.abd-studio.com/"
"Sunset Remodeling and Design Inc","+1 415-857-9868","https://sunsetrdinc.com/"
"IN:SITE Design Build Associates, Inc","+1 415-793-9502","http://www.insitedb.com/"
"Plant Construction Company, L.P.","+1 415-285-0500","http://plantconstruction.com/"
"Five Design","+1 415-931-9124","http://www.five-design.com/"
"North Berkeley Design & Construction","+1 510-684-4647","http://northberkeley.com/"
"Centoni Restoration and Development, Inc.","+1 415-829-3111","http://centoni.com/"
"Remick Associates Architects + Master Builders","+1 415-896-9500",""
"Build/SF","+1 415-503-9443","https://buildsf.com/contact"
"Andrew Mark Construction","+1 415-410-6237","http://andrewmarkconstruction.com/"
"Pablo Design Build Construction Company","+1 619-383-3420",""
"Romy Construction Inc","+1 415-813-7931","https://romyconstructioninc.com/"
"BLVd design build","+1 510-217-8626","https://www.blvddesignbuild.com/"
"Manzanita Design Build","+1 510-255-0938","http://www.manzanitadb.com/"
"Form + Field","+1 628-400-3182","http://formandfield.com/"
"Lussoro Design + Build","+1 925-399-1238","https://lussoro.org/"
"Asian Neighborhood Design Inc","+1 415-575-0423",""
"Motif Home Design","+1 925-448-6939","http://motifhomedesign.com/"
"Golden State Design Build","+1 510-931-6212","https://www.facebook.com/goldenstatedesignbuild/"
"Noz Design","+1 415-903-0330","http://nozdesign.com/"
"BOLD Construction","+1 415-359-4397","https://www.bold.construction/"
"MDesign Remodeling","+1 510-672-8266","https://www.mdesignremodeling.com/?utm_source=google&utm_medium=wix_google_business_profile&utm_campaign=16603174252823932693"
"IDF Studio","+1 415-829-3444","http://www.idfstudio.com/"
"Nerland Building & Restoration Inc","+1 415-725-4334","https://www.nbrdesignbuild.com/"
"Avant-Garde Construction Enterprise","(510) 881-6573","https://www.google.com/aclk?sa=L&ai=DChsSEwjM3J-gzP6TAxVYsIMHHSgSFVwYACICCAEQCBoCZWY&co=1&ase=2&gclid=CjwKCAjwwJzPBhBREiwAJfHRnbaIcChtFCeIaU2ksn6xt9alVe9-RVLqJm9DWgWW8DF13gm_vmmXHRoCdLQQAvD_BwE&cce=2&category=acrcp_v1_32&sig=AOD64_0vajqPPNIFPysStr3DzfJA02zvBg&adurl&q&ctype=99&nis=6"
"Simplengi Engineering","(415) 754-3644","https://www.google.com/aclk?sa=L&ai=DChsSEwjM3J-gzP6TAxVYsIMHHSgSFVwYACICCAEQDBoCZWY&co=1&ase=2&gclid=CjwKCAjwwJzPBhBREiwAJfHRnT5gczOBKDV7ShJCTfEQzaV99bhHIVJJqEq-cHfTBEDV3N_aSw1SthoCPEkQAvD_BwE&cce=2&category=acrcp_v1_32&sig=AOD64_2Eq1ZZe_WmxXOETKb1PYeDaTv9tA&adurl&q&ctype=99&nis=6"
"Creates Cool","+1 415-680-3060","https://createscool.com/"
"Realty Builders Inc","+1 415-839-9229","https://www.realtybuildersinc.com/"
"Laphant Design Build","","http://www.laphant.com/"
"Habitat Renovations","+1 866-809-5989","https://habitat-renovations.com/"
"Halyard Construction Inc","+1 415-590-3230","https://www.halyardbuild.com/contact.php"
"SinglePoint Design Build Inc","+1 415-789-7979","http://www.spdesignbuild.com/"
"Highland Build","+1 415-299-0626","https://www.highland-build.com/"
"Design Build Specialists, Inc.","","https://design-build-specialists.com/?utm_campaign=gmb"
"Prime Design and Build - San Mateo","+1 650-220-9600","https://primedesignandbuild.com/"
"Superb Builders & Custom Made Cabinetry Inc.","+1 650-240-9840","https://superbbuilders.com/"
"JR Design Build","+1 650-281-5232","https://www.jrhomeremodeling.com/"
"Mylett Construction LLC","+1 650-922-9297","https://mylettconstructionllc.com/"
"Bradford Construction","+1 650-454-6927","http://www.bradford-construction.com/"
"Gsa Design & Construction","+1 415-522-3206","https://www.gsa.gov/real-estate/design-and-construction"
"Zack | de Vito Architecture + Construction","+1 415-495-7889","http://www.zackdevito.com/"
"Tower Design Interiors + Art","+1 650-410-0232","https://towerdesign.com/interior-designers-san-francisco-ca/"
"SM Construction & Associates Inc","+1 415-349-2070","http://smconstructionsf.com/"
"Together Home Remodeling","+1 415-812-4926","https://togetherhomeremodeling.com/"
"Taylor Design - San Francisco","+1 415-992-4455","http://wearetaylor.com/"
"Momentum Builders SF Inc.","+1 415-722-8475","https://mbsfinc.com/"
"Simplengi Engineering","(415) 754-3644","https://www.google.com/aclk?sa=L&ai=DChsSEwjn_tuizP6TAxW2pYMHHZvMKIgYACICCAEQBRoCZWY&co=1&ase=2&gclid=CjwKCAjwwJzPBhBREiwAJfHRneCAklpzyFI-VOFqIvt37mtWwO10sHqJ8EjSqfKZ1FXlsYNrKUR1shoCR-UQAvD_BwE&cce=2&category=acrcp_v1_32&sig=AOD64_3WLRRJLg1bLIg1PygyfzzMR7t-jw&adurl&q&ctype=99&nis=6"
"Avant-Garde Construction Enterprise","(510) 881-6573","https://www.google.com/aclk?sa=L&ai=DChsSEwjn_tuizP6TAxW2pYMHHZvMKIgYACICCAEQBxoCZWY&co=1&ase=2&gclid=CjwKCAjwwJzPBhBREiwAJfHRnXh51D0r0AU8az6RPH-N3x7iLFnIW7FANbtFpFKlVyw5ejpPLzfhjRoCdiwQAvD_BwE&cce=2&category=acrcp_v1_32&sig=AOD64_1BKq44E103TX6-kwvGY2Va7gxtUA&adurl&q&ctype=99&nis=6"
"CD Remodeling - General Contractor","+1 415-275-1193","https://www.cdremodelinginc.com/"
"Canyon Design Build","+1 510-482-0300","http://canyondesignbuild.com/"
"Heroes Design & Build SF","+1 415-366-3963","https://heroesdesignbuild.com/"
"Heirloom Builders, Inc.","+1 415-416-8146","http://heirloombuildersca.com/"
"SFT Construction","+1 415-707-1046","http://www.sft-construction.com/"
"Erin Greene Designs","+1 209-247-2014","https://eringreenedesigns.com/"
"Guzman Construction Group","+1 415-821-2522","https://www.guzmangc.com/"
"Better Builders & Design","+1 415-525-4449",""
"William Adams Design","+1 510-345-1995","http://www.williamadamsdesign.com/"
"Andre Rothblatt - San Francisco Architect - ADU & Residential","+1 415-626-5112","http://www.andrerothblattarchitecture.com/"
"The Home Team Design Build Together Inc","+1 650-763-1740","https://www.thehometeamdbt.com/"
"Nabi Construction & Engineering","+1 415-552-2215","http://www.nabiconstruction.com/"
"Be Home Remodeling","+1 408-676-4989","https://behomeremodeling.com/?utm_source=google&utm_medium=organic&utm_campaign=gmb_sf"
"Current Construction","+1 415-969-6915","https://currentcon.com/"
"North Bay Construction, LLC","+1 415-341-5199","http://sfnorthbayconstruction.com/"
"Adler Builders","+1 650-398-9030","https://adlerbuilders.com/"
"ToolBox Design LLC","+1 415-286-5890","http://www.toolboxsf.co/"
"Skyline Construction","+1 415-908-1020","http://www.skylineconstruction.build/"
"Custom Construction","+1 415-553-8734","http://www.customconstructionsf.com/"
"Cahill Contractors","+1 415-986-0600","http://www.cahill-sf.com/"
"","",""